{
  "benchmark": "apples_to_apples_v1",
  "timestamp": 1772224623,
  "params": {
    "events": 1000,
    "queries": 50,
    "handoffs": 25,
    "seed": 42,
    "runners": [
      "evidencespine_lexical",
      "evidencespine_hybrid",
      "baseline_sqlite",
      "mem0",
      "letta"
    ]
  },
  "results": [
    {
      "runner": "evidencespine_lexical",
      "status": "ok",
      "reason": "",
      "ingest_total_ms": 8711.275083944201,
      "ingest_eps": 114.79375755715779,
      "ingest_p50_ms": 8.913832949474454,
      "ingest_p95_ms": 14.92933405097574,
      "brief_total_ms": 1515.244249952957,
      "brief_qps": 32.99798035963662,
      "brief_p50_ms": 29.612917103804648,
      "brief_p95_ms": 33.81808300036937,
      "handoff_total_ms": 1060.3372090263292,
      "handoff_qps": 23.57740517562015,
      "handoff_p50_ms": 42.210625018924475,
      "handoff_p95_ms": 45.11591698974371,
      "brief_claim_citation_coverage": 1.0,
      "handoff_completeness_rate": 1.0,
      "handoff_checksum_rate": 1.0,
      "verified_probe_hit": 1.0,
      "contradiction_probe_hit": 1.0,
      "governance_score": 1.0,
      "snapshot": {
        "enabled": true,
        "events_total": 1027,
        "facts_total": 3027,
        "agent_memory_events_24h": 1027,
        "agent_memory_verified_facts_24h": 430,
        "agent_memory_contradiction_count_24h": 1,
        "agent_memory_unresolved_contradiction_ratio_24h": 1.0,
        "agent_brief_generation_success_rate_24h": 1.0,
        "agent_brief_stale_rate_24h": 0.0,
        "agent_handoff_packets_emitted_24h": 2,
        "agent_handoff_packet_completeness_24h": 1.0,
        "agent_claim_citation_coverage_24h": 0.9968051118210862,
        "agent_memory_fail_open_events_24h": 0,
        "agent_memory_last_update_ts": null,
        "agent_memory_state_age_sec": null
      }
    },
    {
      "runner": "evidencespine_hybrid",
      "status": "ok",
      "reason": "",
      "ingest_total_ms": 8810.63483399339,
      "ingest_eps": 113.4991994154357,
      "ingest_p50_ms": 8.30616697203368,
      "ingest_p95_ms": 15.1618339587003,
      "brief_total_ms": 2480.809999979101,
      "brief_qps": 20.154707535208747,
      "brief_p50_ms": 47.9134579654783,
      "brief_p95_ms": 57.493750005960464,
      "handoff_total_ms": 1531.0662500560284,
      "handoff_qps": 16.328490030451093,
      "handoff_p50_ms": 60.48370792996138,
      "handoff_p95_ms": 63.99900000542402,
      "brief_claim_citation_coverage": 1.0,
      "handoff_completeness_rate": 1.0,
      "handoff_checksum_rate": 1.0,
      "verified_probe_hit": 1.0,
      "contradiction_probe_hit": 1.0,
      "governance_score": 1.0,
      "snapshot": {
        "enabled": true,
        "events_total": 1027,
        "facts_total": 3027,
        "agent_memory_events_24h": 1027,
        "agent_memory_verified_facts_24h": 430,
        "agent_memory_contradiction_count_24h": 1,
        "agent_memory_unresolved_contradiction_ratio_24h": 1.0,
        "agent_brief_generation_success_rate_24h": 1.0,
        "agent_brief_stale_rate_24h": 0.0,
        "agent_handoff_packets_emitted_24h": 2,
        "agent_handoff_packet_completeness_24h": 1.0,
        "agent_claim_citation_coverage_24h": 0.99812382739212,
        "agent_memory_fail_open_events_24h": 0,
        "agent_memory_last_update_ts": null,
        "agent_memory_state_age_sec": null
      }
    },
    {
      "runner": "baseline_sqlite",
      "status": "ok",
      "reason": "",
      "ingest_total_ms": 338.6196660576388,
      "ingest_eps": 2953.1657497700767,
      "ingest_p50_ms": 0.30870793852955103,
      "ingest_p95_ms": 0.47387497033923864,
      "brief_total_ms": 101.76774999126792,
      "brief_qps": 491.3147829670028,
      "brief_p50_ms": 1.995458034798503,
      "brief_p95_ms": 2.2644170094281435,
      "handoff_total_ms": 47.727832919918,
      "handoff_qps": 523.8033757356473,
      "handoff_p50_ms": 1.870583975687623,
      "handoff_p95_ms": 2.1068750647827983,
      "brief_claim_citation_coverage": 1.0,
      "handoff_completeness_rate": 1.0,
      "handoff_checksum_rate": 1.0,
      "verified_probe_hit": 0.0,
      "contradiction_probe_hit": 0.0,
      "governance_score": 0.6,
      "snapshot": {
        "enabled": true,
        "events_total": 1002,
        "facts_total": 0,
        "agent_memory_events_24h": 1002,
        "agent_memory_verified_facts_24h": 0,
        "agent_memory_contradiction_count_24h": 0,
        "agent_memory_unresolved_contradiction_ratio_24h": 0.0,
        "agent_brief_generation_success_rate_24h": 1.0,
        "agent_brief_stale_rate_24h": 0.0,
        "agent_handoff_packets_emitted_24h": 0,
        "agent_handoff_packet_completeness_24h": 0.0,
        "agent_claim_citation_coverage_24h": 0.0,
        "agent_memory_fail_open_events_24h": 0
      }
    },
    {
      "runner": "mem0",
      "status": "ok",
      "reason": "",
      "ingest_total_ms": 1473.8635420799255,
      "ingest_eps": 678.4888637578983,
      "ingest_p50_ms": 1.3364580227062106,
      "ingest_p95_ms": 1.9731669453904033,
      "brief_total_ms": 324.2123330710456,
      "brief_qps": 154.2199197864671,
      "brief_p50_ms": 4.995082970708609,
      "brief_p95_ms": 16.51487499475479,
      "handoff_total_ms": 257.1694169891998,
      "handoff_qps": 97.21218134211468,
      "handoff_p50_ms": 7.3118750005960464,
      "handoff_p95_ms": 24.72112502437085,
      "brief_claim_citation_coverage": 1.0,
      "handoff_completeness_rate": 1.0,
      "handoff_checksum_rate": 1.0,
      "verified_probe_hit": 1.0,
      "contradiction_probe_hit": 1.0,
      "governance_score": 1.0,
      "snapshot": {
        "enabled": true,
        "events_total": 1002,
        "facts_total": 1002,
        "agent_memory_events_24h": 1002,
        "agent_memory_verified_facts_24h": 144,
        "agent_memory_contradiction_count_24h": 1,
        "agent_memory_unresolved_contradiction_ratio_24h": 0.000998003992015968,
        "agent_brief_generation_success_rate_24h": 1.0,
        "agent_brief_stale_rate_24h": 0.0,
        "agent_handoff_packets_emitted_24h": 0,
        "agent_handoff_packet_completeness_24h": 0.0,
        "agent_claim_citation_coverage_24h": 0.0,
        "agent_memory_fail_open_events_24h": 0,
        "mem0_search_fallback_total": 0
      }
    },
    {
      "runner": "letta",
      "status": "ok",
      "reason": "",
      "ingest_total_ms": 7844.706833013333,
      "ingest_eps": 127.47448965098889,
      "ingest_p50_ms": 7.472291006706655,
      "ingest_p95_ms": 9.21554199885577,
      "brief_total_ms": 7795.764207956381,
      "brief_qps": 6.413739393114256,
      "brief_p50_ms": 184.8857500590384,
      "brief_p95_ms": 207.66579103656113,
      "handoff_total_ms": 3997.938208049163,
      "handoff_qps": 6.253223211320972,
      "handoff_p50_ms": 189.38670796342194,
      "handoff_p95_ms": 207.01287500560284,
      "brief_claim_citation_coverage": 1.0,
      "handoff_completeness_rate": 1.0,
      "handoff_checksum_rate": 1.0,
      "verified_probe_hit": 1.0,
      "contradiction_probe_hit": 1.0,
      "governance_score": 1.0,
      "snapshot": {
        "enabled": true,
        "events_total": 1002,
        "facts_total": 1002,
        "agent_memory_events_24h": 1002,
        "agent_memory_verified_facts_24h": 144,
        "agent_memory_contradiction_count_24h": 1,
        "agent_memory_unresolved_contradiction_ratio_24h": 0.000998003992015968,
        "agent_brief_generation_success_rate_24h": 1.0,
        "agent_brief_stale_rate_24h": 0.0,
        "agent_handoff_packets_emitted_24h": 0,
        "agent_handoff_packet_completeness_24h": 0.0,
        "agent_claim_citation_coverage_24h": 0.0,
        "agent_memory_fail_open_events_24h": 0
      }
    }
  ]
}
